method,originalUrl,status,t,time,msg
"GET","/getError","404","13ms","2017-6-22 18:38:22","服务端内部错误",
"GET","/getError","404","12ms","2017-6-22 15:56:58","服务端内部错误",
"GET","/getError","404","11ms","2017-6-22 15:54:47","服务端内部错误",
"GET","/getError","500","1ms","2017-6-23 14:21:39","服务端内部错误",
"GET","/getError","404","1ms","2017-6-22 18:47:23","服务端内部错误",
"GET","/getError","404","9ms","2017-6-22 18:0:4","服务端内部错误",
"GET","/getError","404","2ms","2017-6-22 17:53:46","服务端内部错误",
"GET","/getHtmlError","404","1ms","2017-6-23 14:55:44","服务端内部错误",
"GET","/getHtmlError","404","37ms","2017-6-23 15:0:10","服务端内部错误",
"GET","/getError","404","1ms","2017-6-22 15:42:9","服务端内部错误",
"GET","/getError","404","1ms","2017-6-22 18:0:6","服务端内部错误",
"GET","/getHtmlError","404","2ms","2017-6-23 15:0:9","服务端内部错误",
"GET","/getError","404","2ms","2017-6-22 18:28:13","服务端内部错误",
"GET","/getHtmlError","404","8ms","2017-6-23 14:56:56","服务端内部错误",
"GET","/getError","404","4ms","2017-6-22 18:44:58","服务端内部错误",
"GET","/getError","404","1ms","2017-6-22 15:58:9","服务端内部错误",
"GET","/getError","500","1ms","2017-6-23 14:16:30","服务端内部错误",
"GET","/getError","404","1ms","2017-6-22 18:28:13","服务端内部错误",
"GET","/getHtmlError","404","0ms","2017-6-23 14:56:37","服务端内部错误",
"GET","/","404","3ms","2017-6-22 16:31:33","服务端内部错误",
"GET","/getError","404","1ms","2017-6-22 17:49:4","服务端内部错误",
"GET","/getError","404","0ms","2017-6-22 18:38:24","服务端内部错误",
"GET","/getError","404","1ms","2017-6-22 17:44:26","服务端内部错误",
"GET","/getError","404","1ms","2017-6-22 18:31:51","服务端内部错误",
"GET","/getError","404","1ms","2017-6-22 15:35:46","服务端内部错误",
"GET","/getHtmlError","404","0ms","2017-6-23 14:55:8","服务端内部错误",
"GET","/getHtmlError","404","6ms","2017-6-23 15:16:0","服务端内部错误",
"GET","/getError","404","8ms","2017-6-22 16:23:15","服务端内部错误",
"GET","/getError","404","2ms","2017-6-22 17:45:1","服务端内部错误",
"GET","/getError","404","1ms","2017-6-22 17:47:24","服务端内部错误",
"GET","/getError","404","1ms","2017-6-22 18:25:16","服务端内部错误",
"GET","/getError","404","1ms","2017-6-22 17:59:50","服务端内部错误",
"GET","/getHtmlError","404","2ms","2017-6-23 14:55:9","服务端内部错误",
"GET","/getError","500","1ms","2017-6-23 14:15:2","服务端内部错误",
"GET","/getError","404","7ms","2017-6-22 17:44:5","服务端内部错误",
"GET","/getError","404","1ms","2017-6-22 15:56:11","服务端内部错误",
"GET","/getError","404","7ms","2017-6-22 18:40:57","服务端内部错误",
"GET","/getError","404","9ms","2017-6-22 18:23:47","服务端内部错误",
"GET","/getError","404","0ms","2017-6-22 17:57:36","服务端内部错误",
"GET","/getError","404","23ms","2017-6-22 18:31:32","服务端内部错误",
"GET","/getError","404","2ms","2017-6-22 16:22:11","服务端内部错误",
"GET","/getError","404","1ms","2017-6-22 18:16:0","服务端内部错误",
"GET","/getError","404","1ms","2017-6-22 18:47:0","服务端内部错误",
"GET","/getHtmlError","404","0ms","2017-6-23 15:16:2","服务端内部错误",
"GET","/getError","404","12ms","2017-6-22 16:47:32","服务端内部错误",
"GET","/getError","404","18ms","2017-6-22 18:31:49","服务端内部错误",
"GET","/getError","404","0ms","2017-6-22 18:14:37","服务端内部错误",
"GET","/getError","404","1ms","2017-6-22 17:59:29","服务端内部错误",
"GET","/getError","404","9ms","2017-6-22 16:4:12","服务端内部错误",
"GET","/getError","500","8ms","2017-6-23 14:16:28","服务端内部错误",
"GET","/getError","404","4,262ms","2017-6-22 18:15:0","服务端内部错误",
"GET","/getError","404","1ms","2017-6-22 15:43:5","服务端内部错误",
"GET","/getError","404","10ms","2017-6-22 15:43:3","服务端内部错误",
"GET","/getError","404","1ms","2017-6-22 18:40:59","服务端内部错误",
"GET","/getError","500","2,831ms","2017-6-23 14:23:20","服务端内部错误",
"GET","/getError","500","10ms","2017-6-23 14:16:6","服务端内部错误",
"GET","/getError","404","9ms","2017-6-22 17:41:46","服务端内部错误",
"GET","/getError","404","14ms","2017-6-22 15:56:10","服务端内部错误",
"GET","/getError","404","1ms","2017-6-22 17:53:51","服务端内部错误",
"GET","/getError","404","8ms","2017-6-22 18:47:22","服务端内部错误",
"GET","/getError","404","1ms","2017-6-22 16:47:5","服务端内部错误",
"GET","/api/getHtmlError","404","0ms","2017-6-23 15:24:27","服务端内部错误",
"GET","/getError","404","1ms","2017-6-22 17:22:39","服务端内部错误",
"GET","/getError","404","2ms","2017-6-22 15:54:49","服务端内部错误",
"GET","/getError","500","2,238ms","2017-6-22 18:30:56","服务端内部错误",
"GET","/getHtmlError","404","1ms","2017-6-23 15:0:11","服务端内部错误",
"GET","/getError","500","8ms","2017-6-23 14:11:8","服务端内部错误",
"GET","/getHtmlError","404","0ms","2017-6-23 14:56:39","服务端内部错误",
"GET","/getError","404","1ms","2017-6-22 15:58:8","服务端内部错误",
"GET","/getError","404","4ms","2017-6-22 17:59:29","服务端内部错误",
"GET","/getError","404","8ms","2017-6-22 15:57:37","服务端内部错误",
"GET","/getError","404","1ms","2017-6-22 18:25:41","服务端内部错误",
"GET","/getError","404","10ms","2017-6-22 17:22:38","服务端内部错误",
"GET","/getError","404","9ms","2017-6-22 18:20:0","服务端内部错误",
"GET","/getError","404","0ms","2017-6-23 11:5:50","服务端内部错误",
"GET","/getError","404","1ms","2017-6-22 17:47:26","服务端内部错误",
"GET","/getHtmlError","404","1ms","2017-6-23 15:10:55","服务端内部错误",
"GET","/api/getHtmlError","404","8ms","2017-6-23 15:24:24","服务端内部错误",
"GET","/getError","404","2ms","2017-6-22 17:53:50","服务端内部错误",
"GET","/getError","404","2ms","2017-6-22 15:42:20","服务端内部错误",
"GET","/getError","404","1ms","2017-6-22 17:59:28","服务端内部错误",
"GET","/getError","404","1ms","2017-6-22 15:42:21","服务端内部错误",
"GET","/getError","404","0ms","2017-6-22 17:54:29","服务端内部错误",
"GET","/getError","500","7ms","2017-6-23 14:21:10","服务端内部错误",
"GET","/getError","404","11ms","2017-6-22 15:58:7","服务端内部错误",
"GET","/getError","404","0ms","2017-6-22 17:19:58","服务端内部错误",
"GET","/getError","404","2ms","2017-6-22 18:47:22","服务端内部错误",
"GET","/getError","404","2ms","2017-6-22 15:58:11","服务端内部错误",
"GET","/getError","404","1ms","2017-6-22 17:50:3","服务端内部错误",
"GET","/getError","404","1ms","2017-6-22 18:19:8","服务端内部错误",
"GET","/getHtmlError","404","0ms","2017-6-23 14:55:43","服务端内部错误",
"GET","/getError","404","8ms","2017-6-22 17:50:1","服务端内部错误",
"GET","/getError","404","9ms","2017-6-23 10:52:40","服务端内部错误",
"GET","/getHtmlError","404","8ms","2017-6-23 14:54:57","服务端内部错误",
"GET","/getError","404","7ms","2017-6-22 17:59:26","服务端内部错误",
"GET","/getHtmlError","404","1ms","2017-6-23 15:7:18","服务端内部错误",
"GET","/getError","404","1ms","2017-6-22 16:23:17","服务端内部错误",
"GET","/getError","404","1ms","2017-6-22 18:16:45","服务端内部错误",
"GET","/getHtmlError","404","2ms","2017-6-23 15:19:20","服务端内部错误",
"GET","/getError","404","2ms","2017-6-22 17:59:48","服务端内部错误",
"GET","/getError","404","1ms","2017-6-22 18:18:35","服务端内部错误",
"GET","/getError","404","7ms","2017-6-22 16:21:54","服务端内部错误",
"GET","/getError","404","9ms","2017-6-22 15:42:19","服务端内部错误",
"GET","/getError","404","6ms","2017-6-23 10:47:59","服务端内部错误",
"GET","/getError","404","4ms","2017-6-22 18:3:50","服务端内部错误",
"GET","/getError","404","2ms","2017-6-22 18:18:31","服务端内部错误",
"GET","/getHtmlError","404","1ms","2017-6-23 15:19:19","服务端内部错误",
"GET","/getError","404","13ms","2017-6-22 15:36:4","服务端内部错误",
"GET","/getError","404","2,586ms","2017-6-22 18:19:5","服务端内部错误",
"GET","/getError","404","2ms","2017-6-22 18:25:20","服务端内部错误",
"GET","/getError","404","9ms","2017-6-22 15:41:48","服务端内部错误",
"GET","/getError","404","1ms","2017-6-22 18:28:15","服务端内部错误",
"GET","/getError","404","2ms","2017-6-22 18:19:7","服务端内部错误",
"GET","/getError","404","1ms","2017-6-22 15:36:22","服务端内部错误",
"GET","/getError","404","8ms","2017-6-22 17:44:25","服务端内部错误",
"GET","/getHtmlError","404","2ms","2017-6-23 15:0:10","服务端内部错误",
"GET","/getError","404","3ms","2017-6-22 17:47:26","服务端内部错误",
"GET","/getHtmlError","404","1ms","2017-6-23 15:19:18","服务端内部错误",
"GET","/getHtmlError","404","1ms","2017-6-23 14:56:39","服务端内部错误",
"GET","/getError","404","7ms","2017-6-22 16:23:53","服务端内部错误",
"GET","/getError","404","1ms","2017-6-22 18:25:40","服务端内部错误",
"GET","/getError","404","2ms","2017-6-22 18:1:33","服务端内部错误",
"GET","/getError","404","2ms","2017-6-22 15:42:9","服务端内部错误",
"GET","/getError","404","1ms","2017-6-22 15:41:49","服务端内部错误",
"GET","/getError","404","9ms","2017-6-22 15:42:6","服务端内部错误",
"GET","/getError","404","1ms","2017-6-22 15:38:29","服务端内部错误",
"GET","/getError","404","12ms","2017-6-22 17:53:45","服务端内部错误",
"GET","/getError","404","12ms","2017-6-22 18:23:3","服务端内部错误",
"GET","/getError","404","2ms","2017-6-22 18:16:43","服务端内部错误",
"GET","/getError","404","1ms","2017-6-22 18:40:58","服务端内部错误",
"GET","/getError","404","8ms","2017-6-22 16:1:29","服务端内部错误",
"GET","/getError","404","8ms","2017-6-22 17:58:9","服务端内部错误",
"GET","/getError","404","2ms","2017-6-22 18:25:18","服务端内部错误",
"GET","/getHtmlError","404","0ms","2017-6-23 14:55:2","服务端内部错误",
"GET","/getError","404","1ms","2017-6-22 18:31:50","服务端内部错误",
"GET","/getError","500","8ms","2017-6-23 14:15:32","服务端内部错误",
"GET","/getError","404","1ms","2017-6-22 15:57:39","服务端内部错误",
"GET","/getError","404","1ms","2017-6-22 17:57:36","服务端内部错误",
"GET","/getError","404","1,758ms","2017-6-22 18:32:51","服务端内部错误",
"GET","/getError","404","0ms","2017-6-22 18:25:18","服务端内部错误",
"GET","/getError","404","1ms","2017-6-22 15:36:23","服务端内部错误",
"GET","/getError","404","6ms","2017-6-22 17:21:27","服务端内部错误",
"GET","/getError","404","2ms","2017-6-22 18:38:23","服务端内部错误",
"GET","/getError","500","7ms","2017-6-23 14:12:24","服务端内部错误",
"GET","/getHtmlError","404","0ms","2017-6-23 14:56:57","服务端内部错误",
"GET","/getError","500","7ms","2017-6-23 14:11:14","服务端内部错误",
"GET","/getError","404","67s","2017-6-23 14:25:40","服务端内部错误",
"GET","/getError","404","1ms","2017-6-22 18:23:5","服务端内部错误",
"GET","/getError","404","9ms","2017-6-22 18:44:42","服务端内部错误",
"GET","/getError","404","1ms","2017-6-22 18:16:16","服务端内部错误",
"GET","/getError","404","1ms","2017-6-23 10:52:43","服务端内部错误",
"GET","/getError","404","1ms","2017-6-22 18:19:9","服务端内部错误",
"GET","/getError","500","8ms","2017-6-23 14:13:29","服务端内部错误",
"GET","/getError","404","17ms","2017-6-22 18:14:42","服务端内部错误",
"GET","/getHtmlError","404","1ms","2017-6-23 15:19:17","服务端内部错误",
"GET","/getError","404","12ms","2017-6-22 15:36:20","服务端内部错误",
"GET","/getError","404","1ms","2017-6-22 18:23:28","服务端内部错误",
"GET","/getError","404","23ms","2017-6-22 18:14:35","服务端内部错误",
"GET","/getError","404","1ms","2017-6-22 15:42:8","服务端内部错误",
"GET","/getError","404","2ms","2017-6-22 18:28:12","服务端内部错误",
"GET","/getHtmlError","404","1ms","2017-6-23 15:0:8","服务端内部错误",
"GET","/getError","404","1ms","2017-6-22 17:53:46","服务端内部错误",
"GET","/getError","404","58s","2017-6-22 18:30:0","服务端内部错误",
"GET","/getHtmlError","404","1ms","2017-6-23 14:55:1","服务端内部错误",
"GET","/getError","404","1ms","2017-6-22 18:25:18","服务端内部错误",
"GET","/getError","404","1ms","2017-6-22 18:25:39","服务端内部错误",
"GET","/getError","404","1ms","2017-6-22 18:0:5","服务端内部错误",
"GET","/getError","404","1ms","2017-6-22 18:6:40","服务端内部错误",
"GET","/getError","404","14ms","2017-6-22 15:38:28","服务端内部错误",
"GET","/getError","404","1ms","2017-6-22 18:16:42","服务端内部错误",
"GET","/getError","404","1ms","2017-6-22 16:4:13","服务端内部错误",
"GET","/getError","404","1ms","2017-6-22 17:41:22","服务端内部错误",
"GET","/getError","404","12ms","2017-6-22 18:3:49","服务端内部错误",
"GET","/getError","404","2,294ms","2017-6-22 18:32:3","服务端内部错误",
"GET","/getError","404","1ms","2017-6-22 17:44:27","服务端内部错误",
"GET","/getError","404","7ms","2017-6-22 16:22:38","服务端内部错误",
"GET","/getError","404","0ms","2017-6-22 18:25:40","服务端内部错误",
"GET","/getError","500","17ms","2017-6-22 15:33:0","服务端内部错误",
"GET","/getError","404","6ms","2017-6-23 11:5:47","服务端内部错误",
"GET","/getError","404","1ms","2017-6-22 17:59:49","服务端内部错误",
"GET","/getError","404","0ms","2017-6-23 10:52:42","服务端内部错误",
"GET","/getError","404","7ms","2017-6-22 16:47:3","服务端内部错误",
"GET","/getError","404","1ms","2017-6-22 18:3:52","服务端内部错误",
"GET","/getError","404","1ms","2017-6-22 18:17:22","服务端内部错误",
"GET","/getHtmlError","404","1ms","2017-6-23 14:56:37","服务端内部错误",
"GET","/getHtmlError","404","1ms","2017-6-23 14:55:40","服务端内部错误",
"GET","/getHtmlError","404","1ms","2017-6-23 14:55:42","服务端内部错误",
"GET","/getHtmlError","404","0ms","2017-6-23 14:56:58","服务端内部错误",
"GET","/getError","404","0ms","2017-6-22 18:6:40","服务端内部错误",
"GET","/getError","404","1,987ms","2017-6-22 18:32:48","服务端内部错误",
"GET","/getError","404","2ms","2017-6-22 18:25:41","服务端内部错误",
"GET","/getError","404","5,024ms","2017-6-23 14:23:51","服务端内部错误",
"GET","/getError","404","1ms","2017-6-22 18:6:39","服务端内部错误",
"GET","/getError","404","1ms","2017-6-22 18:14:37","服务端内部错误",
"GET","/getError","404","1ms","2017-6-22 18:44:58","服务端内部错误",
"GET","/getError","404","2ms","2017-6-22 18:14:43","服务端内部错误",
"GET","/getError","404","2ms","2017-6-22 17:59:52","服务端内部错误",
"GET","/getError","404","10ms","2017-6-22 18:7:26","服务端内部错误",
"GET","/getError","404","2ms","2017-6-22 16:4:14","服务端内部错误",
"GET","/getError","404","1ms","2017-6-22 18:1:26","服务端内部错误",
"GET","/getHtmlError","404","8ms","2017-6-23 14:56:36","服务端内部错误",
"GET","/api/getHtmlError","404","9ms","2017-6-23 15:24:39","服务端内部错误",
"GET","/getHtmlError","404","7ms","2017-6-23 15:19:36","服务端内部错误",
"GET","/getHtmlError","404","1ms","2017-6-23 15:19:37","服务端内部错误",
"GET","/getError","404","1ms","2017-6-22 17:54:28","服务端内部错误",
"GET","/getError","404","2ms","2017-6-22 18:38:24","服务端内部错误",
"GET","/getError","404","0ms","2017-6-22 17:59:28","服务端内部错误",
"GET","/getError","404","1ms","2017-6-22 17:41:47","服务端内部错误",
"GET","/getError","404","1ms","2017-6-22 17:49:5","服务端内部错误",
"GET","/getError","404","1ms","2017-6-22 17:58:10","服务端内部错误",
"GET","/getError","404","0ms","2017-6-22 15:56:11","服务端内部错误",
"GET","/getError","404","1ms","2017-6-22 18:15:56","服务端内部错误",
"GET","/getError","404","1ms","2017-6-22 18:44:57","服务端内部错误",
"GET","/getError","500","1ms","2017-6-23 14:15:3","服务端内部错误",
"GET","/getError","404","1ms","2017-6-22 17:59:48","服务端内部错误",
"GET","/getError","404","1ms","2017-6-22 18:19:11","服务端内部错误",
"GET","/getError","404","1ms","2017-6-22 15:57:40","服务端内部错误",
"GET","/getHtmlError","404","7ms","2017-6-23 15:0:6","服务端内部错误",
"GET","/getError","404","2ms","2017-6-22 18:44:56","服务端内部错误",
"GET","/getError","404","21s","2017-6-22 18:15:23","服务端内部错误",
"GET","/getError","500","1ms","2017-6-23 14:16:7","服务端内部错误",
"GET","/getError","404","8ms","2017-6-22 17:47:23","服务端内部错误",
"GET","/getError","404","2ms","2017-6-22 18:1:27","服务端内部错误",
"GET","/getError","404","6,458ms","2017-6-22 18:28:52","服务端内部错误",
"GET","/getHtmlError","404","1ms","2017-6-23 15:0:10","服务端内部错误",
"GET","/","404","3ms","2017-6-22 16:27:20","服务端内部错误",
"GET","/getError","404","1ms","2017-6-23 10:52:41","服务端内部错误",
"GET","/getHtmlError","404","1ms","2017-6-23 14:56:38","服务端内部错误",
"GET","/getError","404","0ms","2017-6-22 17:59:29","服务端内部错误",
"GET","/getError","500","21ms","2017-6-22 15:32:34","服务端内部错误",
"GET","/getError","404","7ms","2017-6-22 16:47:57","服务端内部错误",
"GET","/getError","404","1ms","2017-6-22 18:25:17","服务端内部错误",
"GET","/getError","404","12ms","2017-6-22 15:35:45","服务端内部错误",
"GET","/getError","404","13ms","2017-6-22 17:41:15","服务端内部错误",
"GET","/getError","404","1ms","2017-6-22 15:56:59","服务端内部错误",
"GET","/getError","404","10ms","2017-6-22 15:53:18","服务端内部错误",
"GET","/getHtmlError","404","1ms","2017-6-23 14:55:10","服务端内部错误",
"GET","/getError","404","1ms","2017-6-22 18:25:20","服务端内部错误",
"GET","/getError","404","1ms","2017-6-22 17:54:30","服务端内部错误",
"GET","/getError","404","11ms","2017-6-22 17:57:35","服务端内部错误",
"GET","/getError","404","9ms","2017-6-22 17:19:56","服务端内部错误",
"GET","/getError","404","1ms","2017-6-22 18:7:27","服务端内部错误",
"GET","/getError","500","9ms","2017-6-23 14:21:24","服务端内部错误",
"GET","/getError","404","1ms","2017-6-22 18:23:49","服务端内部错误",
"GET","/getError","404","2ms","2017-6-22 15:36:23","服务端内部错误",
"GET","/getHtmlError","404","7ms","2017-6-23 14:55:38","服务端内部错误",
"GET","/getError","500","1,821ms","2017-6-22 18:31:13","服务端内部错误",
"GET","/getError","404","1ms","2017-6-22 16:1:33","服务端内部错误",
"GET","/getError","404","1ms","2017-6-23 10:48:1","服务端内部错误",
"GET","/getError","500","8ms","2017-6-23 14:21:38","服务端内部错误",
"GET","/getError","404","9ms","2017-6-22 18:1:25","服务端内部错误",
"GET","/getError","500","1ms","2017-6-23 14:15:34","服务端内部错误",
"GET","/getHtmlError","404","11ms","2017-6-23 15:0:11","服务端内部错误",
"GET","/getError","404","1ms","2017-6-22 18:41:1","服务端内部错误",
"GET","/getError","404","10ms","2017-6-22 18:23:27","服务端内部错误",
"GET","/getError","404","1ms","2017-6-22 18:20:4","服务端内部错误",
"POST","/exit","404","0ms","2017-6-23 18:25:44","服务端内部错误",
"GET","/getHtmlError","404","2ms","2017-6-23 15:7:19","服务端内部错误",
"GET","/getError","404","1ms","2017-6-22 18:23:29","服务端内部错误",
"GET","/getError","404","1ms","2017-6-23 10:48:2","服务端内部错误",
"GET","/getError","404","1ms","2017-6-22 18:25:19","服务端内部错误",
"GET","/getError","404","9ms","2017-6-22 18:6:38","服务端内部错误",
"GET","/getError","404","2ms","2017-6-22 15:44:51","服务端内部错误",
"GET","/getError","404","1ms","2017-6-22 15:55:53","服务端内部错误",
"GET","/getHtmlError","404","5ms","2017-6-23 15:7:16","服务端内部错误",
"GET","/getError","404","2ms","2017-6-22 17:41:22","服务端内部错误",
"GET","/getError","404","2ms","2017-6-22 15:58:10","服务端内部错误",
"GET","/getError","404","1ms","2017-6-22 15:54:50","服务端内部错误",
"GET","/getError","404","9ms","2017-6-22 18:46:58","服务端内部错误",
"GET","/getError","404","13ms","2017-6-22 18:28:10","服务端内部错误",
"POST","/login","404","0ms","2017-6-23 17:51:40","服务端内部错误",
"GET","/login/login.html","404","1ms","2017-6-22 14:8:56","服务端内部错误",
"GET","/getError","404","0ms","2017-6-22 17:59:27","服务端内部错误",
"GET","/getError","404","9ms","2017-6-22 17:59:46","服务端内部错误",
"GET","/getError","404","1ms","2017-6-22 15:54:49","服务端内部错误",
"GET","/getError","404","0ms","2017-6-22 17:53:51","服务端内部错误",
"GET","/getError","404","1ms","2017-6-22 17:45:1","服务端内部错误",
"GET","/getError","404","1ms","2017-6-22 16:47:33","服务端内部错误",
"GET","/getError","404","1ms","2017-6-22 17:59:30","服务端内部错误",
"GET","/getError","404","1ms","2017-6-22 18:31:40","服务端内部错误",
"GET","/getError","404","9ms","2017-6-22 15:43:24","服务端内部错误",
"GET","/getHtmlError","404","10ms","2017-6-23 15:19:16","服务端内部错误",
"GET","/getError","404","2ms","2017-6-22 15:42:8","服务端内部错误",
"GET","/getError","404","1ms","2017-6-22 18:16:2","服务端内部错误",
"GET","/getHtmlError","404","1ms","2017-6-23 14:55:2","服务端内部错误",
"GET","/getError","404","1ms","2017-6-22 17:59:51","服务端内部错误",
"GET","/getError","404","1ms","2017-6-22 18:25:42","服务端内部错误",
"GET","/getError","404","2,729ms","2017-6-22 18:16:14","服务端内部错误",
"GET","/getHtmlError","404","1ms","2017-6-23 14:54:58","服务端内部错误",
"GET","/getError","404","2ms","2017-6-22 15:41:50","服务端内部错误",
"GET","/getError","404","1ms","2017-6-22 18:14:36","服务端内部错误",
"GET","/getError","404","7ms","2017-6-22 18:25:38","服务端内部错误",
"GET","/getError","404","1ms","2017-6-22 18:18:34","服务端内部错误",
"GET","/getError","404","1ms","2017-6-22 17:19:57","服务端内部错误",
"GET","/getError","404","2ms","2017-6-22 18:40:59","服务端内部错误",
"GET","/getError","404","1ms","2017-6-22 18:23:50","服务端内部错误",
"GET","/getError","404","17ms","2017-6-22 15:55:52","服务端内部错误",
"GET","/getError","404","1ms","2017-6-22 18:16:15","服务端内部错误",
"GET","/getError","404","2ms","2017-6-22 15:55:53","服务端内部错误",
"GET","/getError","404","2ms","2017-6-22 18:20:2","服务端内部错误",
"GET","/getError","404","2ms","2017-6-22 18:3:52","服务端内部错误",
"GET","/getError","404","1ms","2017-6-22 17:53:47","服务端内部错误",
"GET","/getError","404","3ms","2017-6-22 18:3:52","服务端内部错误",
"GET","/getError","404","1ms","2017-6-22 18:16:1","服务端内部错误",
"GET","/getError","404","0ms","2017-6-22 18:23:7","服务端内部错误",
"GET","/getError","404","2ms","2017-6-22 16:4:13","服务端内部错误",
"GET","/getError","404","1,805ms","2017-6-23 14:24:24","服务端内部错误",
"GET","/getError","404","1ms","2017-6-22 17:50:2","服务端内部错误",
"GET","/getError","404","0ms","2017-6-22 18:31:41","服务端内部错误",
"GET","/getError","404","8ms","2017-6-23 11:35:24","服务端内部错误",
"GET","/getError","404","1ms","2017-6-22 15:53:19","服务端内部错误",
"GET","/getError","404","0ms","2017-6-22 15:56:59","服务端内部错误",
"GET","/getError","404","1ms","2017-6-22 15:58:10","服务端内部错误",
"GET","/getError","404","1ms","2017-6-22 18:14:38","服务端内部错误",
"GET","/getHtmlError","404","1ms","2017-6-23 14:56:58","服务端内部错误",
"GET","/getError","404","8ms","2017-6-22 18:25:15","服务端内部错误",
"GET","/getError","404","1ms","2017-6-22 18:18:33","服务端内部错误",
"GET","/getError","404","1,594ms","2017-6-22 18:16:41","服务端内部错误",
"GET","/getError","404","1ms","2017-6-22 18:41:0","服务端内部错误",
"GET","/getError","404","4ms","2017-6-22 17:54:30","服务端内部错误",
"GET","/getError","404","1ms","2017-6-22 17:53:50","服务端内部错误",
"GET","/getError","404","2,918ms","2017-6-22 18:14:54","服务端内部错误",
"GET","/getError","404","2ms","2017-6-22 15:43:25","服务端内部错误",
"GET","/getError","404","1ms","2017-6-22 18:25:21","服务端内部错误",
"GET","/getError","404","1ms","2017-6-22 15:43:25","服务端内部错误",
"GET","/getError","404","0ms","2017-6-23 10:48:1","服务端内部错误",
"GET","/getError","404","10ms","2017-6-22 17:54:27","服务端内部错误",
"GET","/getError","500","6ms","2017-6-23 14:26:45","服务端内部错误",
"GET","/getError","404","5ms","2017-6-22 15:42:10","服务端内部错误",
"GET","/getError","404","1ms","2017-6-23 11:5:48","服务端内部错误",
"GET","/getHtmlError","404","1ms","2017-6-23 14:56:40","服务端内部错误",
"GET","/getError","404","1ms","2017-6-22 15:43:26","服务端内部错误",
"GET","/getError","500","2,176ms","2017-6-23 14:23:36","服务端内部错误",
"GET","/getError","404","1ms","2017-6-22 15:43:6","服务端内部错误",
"GET","/getError","500","7ms","2017-6-23 14:14:40","服务端内部错误",
"GET","/getError","404","1ms","2017-6-22 17:47:25","服务端内部错误",
"GET","/getError","404","1ms","2017-6-22 15:41:50","服务端内部错误",
"GET","/getError","404","3ms","2017-6-22 18:25:41","服务端内部错误",
"GET","/getHtmlError","404","1ms","2017-6-23 15:0:9","服务端内部错误",
"GET","/getError","404","2,093ms","2017-6-22 18:31:59","服务端内部错误",
"GET","/getError","404","1ms","2017-6-22 18:28:11","服务端内部错误",
"GET","/getError","404","15ms","2017-6-22 18:31:37","服务端内部错误",
"GET","/getHtmlError","404","0ms","2017-6-23 14:54:59","服务端内部错误",
"GET","/getError","404","10ms","2017-6-22 18:44:55","服务端内部错误",
"GET","/getError","404","1ms","2017-6-22 18:3:51","服务端内部错误",
"GET","/getHtmlError","404","1ms","2017-6-23 15:19:20","服务端内部错误",
"GET","/getError","404","2ms","2017-6-22 17:58:10","服务端内部错误",
"GET","/getError","404","8,153ms","2017-6-22 16:7:40","服务端内部错误",
"GET","/getError","404","1,883ms","2017-6-23 14:24:18","服务端内部错误",
"GET","/getError","404","1,705ms","2017-6-22 18:18:29","服务端内部错误",
"GET","/getError","404","1ms","2017-6-22 17:22:40","服务端内部错误",
"GET","/getError","404","1ms","2017-6-22 17:41:48","服务端内部错误",
"GET","/getError","404","1ms","2017-6-22 18:47:1","服务端内部错误",
"GET","/getError","404","0ms","2017-6-22 15:36:22","服务端内部错误",
"GET","/getError","404","2ms","2017-6-22 18:44:44","服务端内部错误",
"GET","/getError","404","6ms","2017-6-23 11:36:32","服务端内部错误",
"GET","/getError","404","8ms","2017-6-23 10:54:1","服务端内部错误",
"GET","/getError","404","1ms","2017-6-22 18:7:28","服务端内部错误",
"GET","/getError","404","2ms","2017-6-22 15:35:46","服务端内部错误",
"GET","/getError","404","10ms","2017-6-22 17:44:58","服务端内部错误",
"GET","/getError","404","0ms","2017-6-23 10:54:2","服务端内部错误",
"GET","/getError","404","1ms","2017-6-22 18:31:39","服务端内部错误",
"GET","/getHtmlError","404","0ms","2017-6-23 14:56:59","服务端内部错误",
"GET","/getError","404","13s","2017-6-22 14:59:7","服务端内部错误",
"GET","/getError","404","1ms","2017-6-22 17:19:58","服务端内部错误",
"GET","/getError","404","3ms","2017-6-22 15:42:10","服务端内部错误",
"GET","/favicon.ico","404","1ms","2017-6-26 10:17:9","服务端内部错误",
"GET","/getError","500","9ms","2017-6-23 14:14:18","服务端内部错误",
"GET","/getError","404","0ms","2017-6-22 18:31:40","服务端内部错误",
"GET","/getError","404","1ms","2017-6-23 10:54:9","服务端内部错误",
"GET","/getError","404","2ms","2017-6-22 18:38:25","服务端内部错误",
"GET","/getError","404","1ms","2017-6-22 17:54:29","服务端内部错误",
"GET","/getError","404","1ms","2017-6-22 17:53:48","服务端内部错误",
"GET","/getError","500","7ms","2017-6-23 14:15:1","服务端内部错误",
"GET","/getHtmlError","404","1ms","2017-6-23 14:57:0","服务端内部错误",
"GET","/getError","404","5,980ms","2017-6-23 14:25:59","服务端内部错误",
"GET","/getError","500","8ms","2017-6-23 14:26:32","服务端内部错误",
"GET","/getError","404","2ms","2017-6-22 18:3:51","服务端内部错误",
"GET","/getError","404","1ms","2017-6-22 17:58:11","服务端内部错误",
"GET","/getHtmlError","404","0ms","2017-6-23 14:55:11","服务端内部错误",
"GET","/getHtmlError","404","6ms","2017-6-23 15:10:54","服务端内部错误",
"GET","/getError","500","1ms","2017-6-23 14:15:4","服务端内部错误",
"GET","/getError","404","1ms","2017-6-22 17:53:49","服务端内部错误",
"GET","/getError","404","1ms","2017-6-22 18:15:58","服务端内部错误",
"GET","/getError","404","11ms","2017-6-22 17:44:9","服务端内部错误",
"GET","/getHtmlError","404","1ms","2017-6-23 15:7:17","服务端内部错误",
"GET","/getError","404","1ms","2017-6-23 11:5:49","服务端内部错误",
"GET","/getError","404","1ms","2017-6-22 17:45:0","服务端内部错误",
"GET","/getError","404","1ms","2017-6-23 11:5:50","服务端内部错误",
"GET","/getError","404","1ms","2017-6-22 15:57:41","服务端内部错误",
"GET","/getError","500","7ms","2017-6-23 14:13:1","服务端内部错误",
"GET","/getError","404","6ms","2017-6-22 18:44:52","服务端内部错误",
"GET","/getError","404","13ms","2017-6-22 17:42:53","服务端内部错误",
"GET","/getHtmlError","404","1ms","2017-6-23 14:55:41","服务端内部错误",
"GET","/getHtmlError","404","1ms","2017-6-23 15:0:7","服务端内部错误",
"GET","/getError","404","12ms","2017-6-22 15:44:49","服务端内部错误",
"GET","/getError","404","2,749ms","2017-6-22 18:15:55","服务端内部错误",